same,dht,page,padam,linga,Image Caption,Imaage link,alnk,,unicode,,,,,,,
,,0,मेषः,,,https://openmoji.org/data/color/svg/1F40F.svg,,,1F40F,,,,,,,
,,0,वृषभः,,,https://openmoji.org/data/color/svg/2649.svg,,,2649,,,,,,,
,,0,मिथुनम्,,,https://openmoji.org/data/color/svg/264A.svg,,,264A,,,,,,,
,,0,कर्कटः,,,https://openmoji.org/data/color/svg/1F980.svg,,,1F980,,,,,,,
,,0,सिंहः,,,https://openmoji.org/data/color/svg/1F981.svg,,,1F981,,,,,,,
,,0,कन्या,,,https://openmoji.org/data/color/svg/1F467.svg,,264D,1F467,,,,,,,
,,0,तुला,,,https://openmoji.org/data/color/svg/2696.svg,,,2696,,,,,,,
,,0,वृश्चिकः,,,https://openmoji.org/data/color/svg/1F982.svg,,,1F982,,,,,,,
,,0,धनुः,,,https://openmoji.org/data/color/svg/1F3F9.svg,,,1F3F9,,,,,,,
,,0,मकरः,,,https://openmoji.org/data/color/svg/1F40A.svg,,,1F40A,,,,,,,
,,0,कुम्भः,,,https://openmoji.org/data/color/svg/2652.svg,,,2652,,,,,,,
,,0,मीनः,,,https://openmoji.org/data/color/svg/1F41F.svg,,,1F41F,,,,,,,
,,0,,,,,,,,,,,,,,
,,0,,,,,,,,,,,,,,
,,0,,,,,,,,,,,,,,
TRUE,गणेशः,1,गणेशः,p,gaṇeśaḥ,imgs/bp01/c01.png,imgs/bp01/u01.mp3,,,https://zat.am/bp26/,,,,,,1
TRUE,रामः,1,रामः,p,rāmaḥ,imgs/bp01/c02.png,imgs/bp01/u02.mp3,,,,,,,,,2
TRUE,कृष्णः ,1,कृष्णः ,p,kr̥ṣṇaḥ,imgs/bp01/c03.png,imgs/bp01/u03.mp3,,,,,,,,,3
TRUE,शिवः,1,शिवः,p,śivaḥ,imgs/bp01/c04.png,imgs/bp01/u04.mp3,,,,,,,,,4
TRUE,सरस्वती,1,सरस्वती,s,sarasvatī,imgs/bp01/c05.png,imgs/bp01/u05.mp3,,,,,,,,,5
TRUE,दुर्गा ,1,दुर्गा ,s,durgā,imgs/bp01/c06.png,imgs/bp01/u06.mp3,,,,,,,,,6
TRUE,ओंकारः,1,ओंकारः,p,omkāraḥ,https://openmoji.org/data/color/svg/1F549.svg,imgs/bp01/u12.mp3,,1F549,,,,,,https://raw.githubusercontent.com/hfg-gmuend/openmoji/master/color/618x618/1F549.png,7
TRUE,आञ्जनेयः,1,आञ्जनेयः,p,aṇjaneyaḥ,imgs/bp01/c08.png,imgs/bp01/u08.mp3,,,,,,,,,8
TRUE,सूर्यः,1,सूर्यः,p,sūryaḥ,https://openmoji.org/data/color/svg/2600.svg,imgs/bp01/u09.mp3,,2600,,,,,,https://raw.githubusercontent.com/hfg-gmuend/openmoji/master/color/618x618/2600.png,9
TRUE,दीपः ,1,दीपः ,p,dīpaḥ,https://openmoji.org/data/color/svg/1FA94.svg,imgs/bp01/u10.mp3,,1FA94,,,,,,https://raw.githubusercontent.com/hfg-gmuend/openmoji/master/color/618x618/1FA94.png,10
TRUE,देवालयः,1,देवालयः,p,devālayaḥ,imgs/bp01/c11.png,imgs/bp01/u11.mp3,,,,,,,,,11
TRUE,अर्चकः,1,अर्चकः,p,arcakaḥ,imgs/bp01/c12.png,imgs/bp01/u07.mp3,,,,,,,,,12
TRUE,जपति,1,जपति,k,japati,imgs/bp01/c13.png,imgs/bp01/u13.mp3,,,,,,,,,13
TRUE,यजति,1,यजति,k,yajati,imgs/bp01/c14.png,imgs/bp01/u14.mp3,,,,,,,,,14
TRUE,नमति,1,नमति,k,namati,imgs/bp01/c15.png,imgs/bp01/u15.mp3,,,,,,,,,15
1,विद्यालयः,2,विद्यालयः,p,vidyālayaḥ,https://openmoji.org/data/color/svg/1F3EB.svg,imgs/bp02/u04.mp3,,1F3EB,p,vidyālayaḥ,https://openmoji.org/data/color/svg/1F3EB.svg,imgs/bp02/u04.mp3,1F3EB,https://raw.githubusercontent.com/hfg-gmuend/openmoji/master/color/618x618/1F3EB.png,1
,बालकः,2,बालकः,p,bālakaḥ,imgs/bp02/c05.png,imgs/bp02/u05.mp3,,1F466,,,,,,https://raw.githubusercontent.com/hfg-gmuend/openmoji/master/color/618x618/1F466.png,2
,अध्यापकः,2,अध्यापकः,p,adhyāpakaḥ,imgs/bp03/c05.png,imgs/bp03/u05.mp3,,1F468-200D-1F3EB,,,,,,https://raw.githubusercontent.com/hfg-gmuend/openmoji/master/color/618x618/1F468-200D-1F3EB.png,3
,व्रुद्धः,2,वृद्धः,p,vr̥ddhaḥ,imgs/bp04/c04.png,imgs/bp02/26u04.mp3,,1F474,,,,,,https://raw.githubusercontent.com/hfg-gmuend/openmoji/master/color/618x618/1F474.png,4
,छात्रः,2,छात्रः,p,chātraḥ,imgs/bp06/c05.png,imgs/bp02/26u05.mp3,,,,,,,,,5
,बालिका,2,बालिका,s,bālikā,imgs/bp02/c09.png,imgs/bp02/u09.mp3,,1F467,,,,,,https://raw.githubusercontent.com/hfg-gmuend/openmoji/master/color/618x618/1F467.png,6
,अध्यापिका,2,अध्यापिका,s,adhyāpikā,imgs/bp02/c08.png,imgs/bp02/u08.mp3,,1F469-200D-1F3EB,,,,,,https://raw.githubusercontent.com/hfg-gmuend/openmoji/master/color/618x618/1F469-200D-1F3EB.png,7
,वृद्धा,2,वृद्धा,s,vr̥ddhā,imgs/bp04/c05.png,imgs/bp02/26u08.mp3,,1F475,,,,,,https://raw.githubusercontent.com/hfg-gmuend/openmoji/master/color/618x618/1F475.png,8
,छात्रा ,2,छात्रा ,s,chātrā,imgs/bp06/c06.png,imgs/bp02/26u09.mp3,,,,,,,,,9
,अम्बा,2,अम्बा,s,ambā,imgs/bp03/c08.png,imgs/bp03/u08.mp3,,,,,,,,,10
,गृहम्,2,गृहम्,n,gr̥ham,https://openmoji.org/data/color/svg/1F3E0.svg,imgs/bp02/u12.mp3,,1F3E0,,,,,,https://raw.githubusercontent.com/hfg-gmuend/openmoji/master/color/618x618/1F3E0.png,11
,चित्रमन्दिरम्,2,चित्रमन्दिरम्,n,citramandiram,imgs/bp03/c10.png,imgs/bp03/u10.mp3,,,,,,,,,12
,लिखति,2,लिखति,k,likhati,imgs/bp03/c13.png,imgs/bp03/u13.mp3,,270D,,,,,,https://raw.githubusercontent.com/hfg-gmuend/openmoji/master/color/618x618/270D.png,13
,पठति,2,पठति,k,paṭhati,imgs/bp03/c14.png,imgs/bp03/u14.mp3,,,,,,,,,14
,गच्छति,2,गच्छति,k,gacchati,imgs/bp04/c14.png,imgs/bp02/26u15.mp3,,,,,,,,,15
,क्रीडकः,3,क्रीडकः,p,kr̥īḍakaḥ,imgs/bp03/c06.png,imgs/bp03/u06.mp3,,26F9-FE0F-200D-2642-FE0F,,,,,,https://raw.githubusercontent.com/hfg-gmuend/openmoji/master/color/618x618/26F9-FE0F-200D-2642-FE0F.png,1
,नापितः ,3,नापितः ,p,nāpitaḥ,imgs/bp03/26c02.png,imgs/bp03/26u02.mp3,,,,,,,,,2
,शिल्पकारः ,3,शिल्पकारः ,p,śilpakāraḥ,imgs/bp03/26c03.png,imgs/bp03/26u03.mp3,,,,,,,,,3
,पाचकः ,3,पाचकः ,p,pācakaḥ,https://openmoji.org/data/color/svg/1F9D1-200D-1F373.svg,imgs/bp03/26u04.mp3,,1F9D1-200D-1F373,,,,,,https://raw.githubusercontent.com/hfg-gmuend/openmoji/master/color/618x618/1F9D1-200D-1F373.png,4
,आरक्षकः,3,आरक्षकः,p,ārakṣakaḥ,https://openmoji.org/data/color/svg/1F46E.svg,imgs/bp03/26u05.mp3,,1F46E,,,,,,https://raw.githubusercontent.com/hfg-gmuend/openmoji/master/color/618x618/1F46E.png,5
,रुग्णः,3,रुग्णः,p,rugṇaḥ,https://openmoji.org/data/color/svg/1F912.svg,imgs/bp03/26u06.mp3,,1F912,,,,,,https://raw.githubusercontent.com/hfg-gmuend/openmoji/master/color/618x618/1F912.png,6
,विदूषकः ,3,विदूषकः ,p,vidūṣakaḥ,https://openmoji.org/data/color/svg/1F921.svg,imgs/bp03/26u07.mp3,,1F921,,,,,,https://raw.githubusercontent.com/hfg-gmuend/openmoji/master/color/618x618/1F921.png,7
,गायिका,3,गायिका,s,gāyikā,imgs/bp04/c06.png,imgs/bp03/26u08.mp3,,1F9D1-200D-1F3A4,,,,,,https://raw.githubusercontent.com/hfg-gmuend/openmoji/master/color/618x618/1F9D1-200D-1F3A4.png,8
,वैद्या,3,वैद्या,s,vaidyā,imgs/bp05/c06.png,imgs/bp03/26u09.mp3,,E300,,,,,,https://raw.githubusercontent.com/hfg-gmuend/openmoji/master/color/618x618/E300.png,9
,चालिका,3,चालिका,s,cālikā,imgs/bp03/26c10.png,imgs/bp03/26u10.mp3,,,,,,,,,10
,चित्रकारी,3,चित्रकारी,s,citrakārī,imgs/bp03/26c11.png,imgs/bp03/26u11.mp3,,,,,,,,,11
,नर्तकी,3,नर्तकी,s,nartakī,imgs/bp04/c08.png,imgs/bp03/26u12.mp3,,,,,,,,,12
,क्रीडति ,3,क्रीडति,k,krīḍati,imgs/bp03/26c13.png,imgs/bp03/26u13.mp3,,,,,,,,,13
,गायति,3,गायति,k,gāyati,https://openmoji.org/data/color/svg/1F9D1-200D-1F3A4.svg,imgs/bp03/26u14.mp3,,1F9D1-200D-1F3A4,,,,,,https://raw.githubusercontent.com/hfg-gmuend/openmoji/master/color/618x618/1F9D1-200D-1F3A4.png,14
,हसति,3,हसति,k,hasati,https://openmoji.org/data/color/svg/1F642.svg,imgs/bp03/26u15.mp3,,1F642,,,,,,https://raw.githubusercontent.com/hfg-gmuend/openmoji/master/color/618x618/1F642.png,15
,दर्पणः,4,दर्पणः,p,drapaṇaḥ,https://openmoji.org/data/color/svg/1FA9E.svg,imgs/bp04/u01.mp3,,1FA9E,,,,,,https://raw.githubusercontent.com/hfg-gmuend/openmoji/master/color/618x618/1FA9E.png,1
,चषकः,4,चषकः,p,caṣakaḥ,https://openmoji.org/data/color/svg/1F95B.svg,imgs/bp04/u02.mp3,,1F95B,,,,,,https://raw.githubusercontent.com/hfg-gmuend/openmoji/master/color/618x618/1F95B.png,2
,चमसः,4,चमसः,p,camasaḥ,https://openmoji.org/data/color/svg/1F944.svg,imgs/bp04/u03.mp3,,1F944,,,,,,https://raw.githubusercontent.com/hfg-gmuend/openmoji/master/color/618x618/1F944.png,3
,कुञ्चिका,4,कुञ्चिका,s,kuṇcikā,https://openmoji.org/data/color/svg/1F511.svg,imgs/bp04/u04.mp3,,1F511,,,,,,https://raw.githubusercontent.com/hfg-gmuend/openmoji/master/color/618x618/1F511.png,4
,यानपेटिका,4,यानपेटिका,s,yānapēṭikā,https://openmoji.org/data/color/svg/1F9F3.svg,imgs/bp04/u05.mp3,,1F9F3,,,,,,https://raw.githubusercontent.com/hfg-gmuend/openmoji/master/color/618x618/1F9F3.png,5
,द्विचक्रिका,4,द्विचक्रिका,s,dvicakrikā,https://openmoji.org/data/color/svg/1F6B2.svg,imgs/bp04/u06.mp3,,1F6B2,,,,,,https://raw.githubusercontent.com/hfg-gmuend/openmoji/master/color/618x618/1F6B2.png,6
,छुरिका,4,छुरिका,s,churikā,https://openmoji.org/data/color/svg/1F52A.svg,imgs/bp04/u07.mp3,,1F52A,,,,,,https://raw.githubusercontent.com/hfg-gmuend/openmoji/master/color/618x618/1F52A.png,7
,कर्तरी,4,कर्तरी,s,kartarī,https://openmoji.org/data/color/svg/2702.svg,imgs/bp04/u08.mp3,,2702,,,,,,https://raw.githubusercontent.com/hfg-gmuend/openmoji/master/color/618x618/2702.png,8
,घटी,4,घटी,s,ghaṭī,https://openmoji.org/data/color/svg/23F0.svg,imgs/bp04/u09.mp3,,23F0,,,,,,https://raw.githubusercontent.com/hfg-gmuend/openmoji/master/color/618x618/23F0.png,9
,कन्दुकम्,4,कन्दुकम्,n,kandukam,https://openmoji.org/data/color/svg/1F3C0.svg,imgs/bp04/u10.mp3,,1F3C0,,,,,,https://raw.githubusercontent.com/hfg-gmuend/openmoji/master/color/618x618/1F3C0.png,10
,दूरदर्शनम्,4,दूरदर्शनम्,n,dūradarśanam,imgs/bp05/c12.png,imgs/bp04/u11.mp3,,,,,,,,,11
,लोकयानम्,4,लोकयानम्,n,lokayānaṁ,imgs/bp05/c10.png,imgs/bp04/u12.mp3,,1F68C,,,,,,https://raw.githubusercontent.com/hfg-gmuend/openmoji/master/color/618x618/1F68C.png,12
,ददाति,4,स्वीकरोति,k,svīkaroti,imgs/bp04/26c13.png,imgs/bp04/u13.mp3,,,,,,,,,13
,स्वीकरोति,4,क्रीणाति,k,krīṇāti,imgs/bp04/26c14.png,imgs/bp04/u14.mp3,,,,,,,,,14
,क्रीणाति,4,ददाति,k,dadāti,imgs/bp04/26c15.png,imgs/bp04/u15.mp3,,,,,,,,,15
,आसन्दः,5,आसन्दः,p,āsandaḥ,https://openmoji.org/data/color/svg/1FA91.svg,imgs/bp05/u01.mp3,,1FA91,,,,,,https://raw.githubusercontent.com/hfg-gmuend/openmoji/master/color/618x618/1FA91.png,1
,ग्रन्थालयः,5,ग्रन्थालयः,p,granthālayaḥ,imgs/bp05/c11.png,imgs/bp05/u11.mp3,,,,,,,,,2
,उत्पीठिका,5,उत्पीठिका,s,utpīṭhikā,imgs/bp05/26c02.png,imgs/bp05/u02.mp3,,,,,,,,,3
,मापिका,5,मापिका,s,māpikā,imgs/bp05/26c03v2.png,imgs/bp05/u03.mp3,,1F4CF,,,,,,https://raw.githubusercontent.com/hfg-gmuend/openmoji/master/color/618x618/1F4CF.png,4
,रन्ध्रिका ,5,रन्ध्रिका ,s,randhrikā,imgs/bp05/c04.png,imgs/bp05/u04.mp3,,,,,,,,,5
,अङ्कनी,5,अङ्कनी,s,ankanī,https://openmoji.org/data/color/svg/270F.svg,imgs/bp05/u05.mp3,,270F,,,,,,https://raw.githubusercontent.com/hfg-gmuend/openmoji/master/color/618x618/270F.png,6
,लेखनी,5,लेखनी,s,lekhanī,https://openmoji.org/data/color/svg/1F58A.svg,imgs/bp05/u06.mp3,,1F58A,,,,,,https://raw.githubusercontent.com/hfg-gmuend/openmoji/master/color/618x618/1F58A.png,7
,योजिनी ,5,योजिनी ,s,yojinī,imgs/bp05/c07.png,imgs/bp05/u07.mp3,,,,,,,,,8
,तीक्ष्णकम् ,5,तीक्ष्णकम् ,n,tīkṣṇakam,imgs/bp05/c08.png,imgs/bp05/u08.mp3,,,,,,,,,9
,सङ्गणकम्,5,सङ्गणकम्,n,sangaṇakam,https://openmoji.org/data/color/svg/1F4BB.svg,imgs/bp05/u09.mp3,,1F4BB,,,,,,https://raw.githubusercontent.com/hfg-gmuend/openmoji/master/color/618x618/1F4BB.png,10
,पुस्तकम्,5,पुस्तकम्,n,pustakam,https://openmoji.org/data/color/svg/1F4D5.svg,imgs/bp05/u10.mp3,,1F4D5,,,,,,https://raw.githubusercontent.com/hfg-gmuend/openmoji/master/color/618x618/1F4D5.png,11
,क्रीडाङ्गणम्,5,क्रीडाङ्गणम्,n,krīḍāngaṇam,imgs/bp05/26c12.png,imgs/bp05/u12.mp3,,1F6DD,,,,,,https://raw.githubusercontent.com/hfg-gmuend/openmoji/master/color/618x618/1F6DD.png,12
,नयति ,5,नयति ,k,nayati,imgs/bp05/c13.png,imgs/bp05/u13.mp3,,,,,,,,,13
,आनयति,5,आनयति,k,ānayati,imgs/bp05/c14.png,imgs/bp05/u14.mp3,,,,,,,,,14
,पश्यति,5,पश्यति,k,pashyati,imgs/bp02/c15.png,imgs/bp06/u13.mp3,,1F9D0,,,,,,https://raw.githubusercontent.com/hfg-gmuend/openmoji/master/color/618x618/1F9D0.png,15
,तालः,6,तालः,p,tālaḥ,https://openmoji.org/data/color/svg/1F512.svg,imgs/bp02/u06.mp3,,1F512,,,,,,https://raw.githubusercontent.com/hfg-gmuend/openmoji/master/color/618x618/1F512.png,1
,दन्तकूर्चः,6,दन्तकूर्चः,p,dantakūrcaḥ,https://openmoji.org/data/color/svg/1FAA5.svg,imgs/bp03/u04.mp3,,1FAA5,,,,,,https://raw.githubusercontent.com/hfg-gmuend/openmoji/master/color/618x618/1FAA5.png,2
,नौका ,6,नौका ,s,naukā,https://openmoji.org/data/color/svg/26F5.svg,imgs/bp03/u09.mp3,,26F5,,,,,,https://raw.githubusercontent.com/hfg-gmuend/openmoji/master/color/618x618/26F5.png,3
,द्रोणी,6,द्रोणी,s,droṇī,https://openmoji.org/data/color/svg/1FAA3.svg,imgs/bp03/u07.mp3,,1FAA3,,,,,,https://raw.githubusercontent.com/hfg-gmuend/openmoji/master/color/618x618/1FAA3.png,4
,सम्मार्जनी,6,सम्मार्जनी,s,sammārjanī,https://openmoji.org/data/color/svg/1F9F9.svg,imgs/bp06/u12.mp3,,1F9F9,,,,,,https://raw.githubusercontent.com/hfg-gmuend/openmoji/master/color/618x618/1F9F9.png,5
,युतकम्,6,युतकम्,n,yutakam,https://openmoji.org/data/color/svg/1F455.svg,imgs/bp02/u10.mp3,,1F455,,,,,,https://raw.githubusercontent.com/hfg-gmuend/openmoji/master/color/618x618/1F455.png,6
,द्वारम्,6,द्वारम्,n,dvāram,https://openmoji.org/data/color/svg/1F6AA.svg,imgs/bp02/u11.mp3,,1F6AA,,,,,,https://raw.githubusercontent.com/hfg-gmuend/openmoji/master/color/618x618/1F6AA.png,7
,ऊरुकम्,6,ऊरुकम्,n,ūrukam,https://openmoji.org/data/color/svg/1F456.svg,imgs/bp03/u12.mp3,,1F456,,,,,,https://raw.githubusercontent.com/hfg-gmuend/openmoji/master/color/618x618/1F456.png,8
,छत्रम्,6,छत्रम्,n,chatraṁ,https://openmoji.org/data/color/svg/2602.svg,imgs/bp06/u08.mp3,,2602,,,,,,https://raw.githubusercontent.com/hfg-gmuend/openmoji/master/color/618x618/2602.png,9
,कारयानम्,6,कार्यानम्,n,kāryānam,https://openmoji.org/data/color/svg/1F697.svg,imgs/bp06/u09.mp3,,1F697,,,,,,https://raw.githubusercontent.com/hfg-gmuend/openmoji/master/color/618x618/1F697.png,10
,विमानम्,6,विमानम्,n,vimānam,https://openmoji.org/data/color/svg/1F6EB.svg,imgs/bp06/u10.mp3,,1F6EB,,,,,,https://raw.githubusercontent.com/hfg-gmuend/openmoji/master/color/618x618/1F6EB.png,11
,चक्रम्,6,चक्रम्,n,cakram,https://openmoji.org/data/color/svg/1F6DE.svg,imgs/bp06/u11.mp3,,1F6DE,,,,,,https://raw.githubusercontent.com/hfg-gmuend/openmoji/master/color/618x618/1F6DE.png,12
,पतति,6,पतति,k,patati,imgs/bp06/c14.png,imgs/bp06/u14.mp3,,1F320,,,,,,https://raw.githubusercontent.com/hfg-gmuend/openmoji/master/color/618x618/1F320.png,13
,गृह्णाति ,6,गृह्णाति ,k,gr̥hṇāti,imgs/bp06/26c15.png,imgs/bp06/u15.mp3,,,,,,,,,14
,अस्ति,5,अस्ति,k,asti,imgs/bp06/c15v2.png,imgs/bp05/u15.mp3,,,,,,,,,15
,करदीपः,7,करदीपः,p,karadīpaḥ,https://openmoji.org/data/color/svg/1F526.svg,imgs/bp07/u01.mp3,,1F526,,,,,,https://raw.githubusercontent.com/hfg-gmuend/openmoji/master/color/618x618/1F526.png,1
,समीकरः ,7,समीकरः ,p,samīkaraḥ,imgs/bp07/c02.png,imgs/bp07/u02.mp3,,,,,,,,,2
,जवनिका,7,जवनिका,s,javanikā,imgs/bp07/26c03.png,imgs/bp07/u03.mp3,,,,,,,,,3
,सिक्थवर्तिका,7,सिक्थवर्तिका,s,sikthavartikā,https://openmoji.org/data/color/svg/1F56F.svg,imgs/bp07/u04.mp3,,1F56F,,,,,,https://raw.githubusercontent.com/hfg-gmuend/openmoji/master/color/618x618/1F56F.png,4
,अग्निपेटिका ,7,अग्निपेटिका ,s,agnipeṭikā,imgs/bp07/c05.png,imgs/bp07/u05.mp3,,,,,,,,,5
,स्थालिका ,7,स्थालिका ,s,sthālikā,imgs/bp07/26c06.png,imgs/bp07/u06.mp3,,,,,,,,,6
,वेल्लनी,7,वेल्लनी,s,vellanī,imgs/bp07/c07.png,imgs/bp07/u07.mp3,,,,,,,,,7
,पादत्राणम्,7,पादत्राणम्,n,pādatrāṇam,imgs/bp07/c08.png,imgs/bp07/u08.mp3,,1F45F,,,,,,https://raw.githubusercontent.com/hfg-gmuend/openmoji/master/color/618x618/1F45F.png,8
,उपनेत्रम्,7,उपनेत्रम्,n,upanetram,https://openmoji.org/data/color/svg/1F453.svg,imgs/bp07/u09.mp3,,1F453,,,,,,https://raw.githubusercontent.com/hfg-gmuend/openmoji/master/color/618x618/1F453.png,9
,सोपानम्,7,सोपानम्,n,sopānam,https://openmoji.org/data/color/svg/E202.svg,imgs/bp07/u10.mp3,,E202,,,,,,https://raw.githubusercontent.com/hfg-gmuend/openmoji/master/color/618x618/E202.png,10
,वातायनम्,7,वातायनम्,n,vātāyanam,https://openmoji.org/data/color/svg/1FA9F.svg,imgs/bp07/u11.mp3,,1FA9F,,,,,,https://raw.githubusercontent.com/hfg-gmuend/openmoji/master/color/618x618/1FA9F.png,11
,ओदनम् ,7,ओदनम् ,n,odanam,imgs/bp07/c12.png,imgs/bp07/u12.mp3,,,,,,,,,12
,स्थापयति,7,स्थापयति,k,sthāpayati,imgs/bp07/c13.png,imgs/bp07/u13.mp3,,,,,,,,,13
,प्रक्षालयति,7,प्रक्षालयति,k,prakṣālayati,imgs/bp07/c14.png,imgs/bp07/u14.mp3,,,,,,,,,14
,तरति,7,तरति,k,tarati,imgs/bp07/c15.png,imgs/bp07/26u15.mp3,,,,,,,,,15
,अश्वः,8,अश्वः,p,aśvaḥ,https://openmoji.org/data/color/svg/1F40E.svg,imgs/bp02/u01.mp3,,1F40E,,,,,,https://raw.githubusercontent.com/hfg-gmuend/openmoji/master/color/618x618/1F40E.png,1
,शुनकः,8,शुनकः,p,śunakaḥ,https://openmoji.org/data/color/svg/1F436.svg,imgs/bp02/u02.mp3,,1F436,,,,,,https://raw.githubusercontent.com/hfg-gmuend/openmoji/master/color/618x618/1F436.png,2
,कूर्मः,8,कूर्मः,p,kūrmaḥ,https://openmoji.org/data/color/svg/1F422.svg,imgs/bp08/u03.mp3,,1F422,,,,,,https://raw.githubusercontent.com/hfg-gmuend/openmoji/master/color/618x618/1F422.png,3
,अजः,8,अजः,p,ajaḥ,https://openmoji.org/data/color/svg/1F410.svg,imgs/bp08/u04.mp3,,1F410,,,,,,https://raw.githubusercontent.com/hfg-gmuend/openmoji/master/color/618x618/1F410.png,4
,मूषकः,8,मूषकः,p,mūṣakaḥ,https://openmoji.org/data/color/svg/1F401.svg,imgs/bp08/u05.mp3,,1F401,,,,,,https://raw.githubusercontent.com/hfg-gmuend/openmoji/master/color/618x618/1F401.png,5
,मार्जारः,8,मार्जारः,p,mārjāraḥ,https://openmoji.org/data/color/svg/1F408.svg,imgs/bp08/u06.mp3,,1F408,,,,,,https://raw.githubusercontent.com/hfg-gmuend/openmoji/master/color/618x618/1F408.png,6
,मकरः,8,मकरः,p,makaraḥ,https://openmoji.org/data/color/svg/1F40A.svg,imgs/bp08/u07.mp3,,1F40A,,,,,,https://raw.githubusercontent.com/hfg-gmuend/openmoji/master/color/618x618/1F40A.png,7
,मीनः,8,मीनः,p,mīnaḥ,https://openmoji.org/data/color/svg/1F41F.svg,imgs/bp08/u08.mp3,,1F41F,,,,,,https://raw.githubusercontent.com/hfg-gmuend/openmoji/master/color/618x618/1F41F.png,8
,मण्डूकः,8,मण्डूकः,p,maṇḍūkaḥ,imgs/bp08/c09.png,imgs/bp08/u09.mp3,,1F438,,,,,,https://raw.githubusercontent.com/hfg-gmuend/openmoji/master/color/618x618/1F438.png,9
,धेनुः,8,धेनुः,p,dhenuḥ,https://openmoji.org/data/color/svg/1F404.svg,imgs/bp08/u10.mp3,,1F404,,,,,,https://raw.githubusercontent.com/hfg-gmuend/openmoji/master/color/618x618/1F404.png,10
,चिक्रोडः,8,चिक्रोडः,p,cikroḍaḥ,https://openmoji.org/data/color/svg/1F43F.svg,imgs/bp08/u11.mp3,,1F43F,,,,,,https://raw.githubusercontent.com/hfg-gmuend/openmoji/master/color/618x618/1F43F.png,11
,गर्दभः,8,गर्दभः,p,gardabhaḥ,https://openmoji.org/data/color/svg/E001.svg,imgs/bp08/u12.mp3,,E001,,,,,,https://raw.githubusercontent.com/hfg-gmuend/openmoji/master/color/618x618/E001.png,12
,खादति,8,खादति,k,khādati,imgs/bp02/c13.png,imgs/bp02/u13.mp3,,,,,,,,,13
,पिबति,8,पिबति,k,pibati,imgs/bp02/c14.png,imgs/bp02/u14.mp3,,,,,,,,,14
,धावति,8,धावति,k,dhāvati,imgs/bp04/c15.png,imgs/bp08/u15.mp3,,,,,,,,,15
,व्याघ्रः,9,व्याघ्रः,p,vyāghraḥ,https://openmoji.org/data/color/svg/1F42F.svg,imgs/bp09/u01.mp3,,1F42F,,,,,,https://raw.githubusercontent.com/hfg-gmuend/openmoji/master/color/618x618/1F42F.png,1
,शशः,9,शशः,p,śaśaḥ,https://openmoji.org/data/color/svg/1F407.svg,imgs/bp09/u02.mp3,,1F407,,,,,,https://raw.githubusercontent.com/hfg-gmuend/openmoji/master/color/618x618/1F407.png,2
,सिंहः,9,सिंहः,p,simhaḥ,https://openmoji.org/data/color/svg/1F981.svg,imgs/bp09/u03.mp3,,1F981,,,,,,https://raw.githubusercontent.com/hfg-gmuend/openmoji/master/color/618x618/1F981.png,3
,सर्पः,9,सर्पः,p,sarpaḥ,https://openmoji.org/data/color/svg/1F40D.svg,imgs/bp09/u04.mp3,,1F40D,,,,,,https://raw.githubusercontent.com/hfg-gmuend/openmoji/master/color/618x618/1F40D.png,4
,वानरः ,9,वानरः ,p,vānaraḥ,https://openmoji.org/data/color/svg/1F412.svg,imgs/bp09/u05.mp3,,1F412,,,,,,https://raw.githubusercontent.com/hfg-gmuend/openmoji/master/color/618x618/1F412.png,5
,वराहः,9,वराहः,p,varāhaḥ,https://openmoji.org/data/color/svg/1F417.svg,imgs/bp09/u06.mp3,,1F417,,,,,,https://raw.githubusercontent.com/hfg-gmuend/openmoji/master/color/618x618/1F417.png,6
,उष्ट्रः,9,उष्ट्रः,p,uṣṭraḥ,https://openmoji.org/data/color/svg/1F42A.svg,imgs/bp09/u07.mp3,,1F42A,,,,,,https://raw.githubusercontent.com/hfg-gmuend/openmoji/master/color/618x618/1F42A.png,7
,भल्लूकः,9,भल्लूकः,p,bhallūkaḥ,https://openmoji.org/data/color/svg/1F43B.svg,imgs/bp09/u08.mp3,,1F43B,,,,,,https://raw.githubusercontent.com/hfg-gmuend/openmoji/master/color/618x618/1F43B.png,8
,हरिणः,9,हरिणः,p,hariṇaḥ,https://openmoji.org/data/color/svg/1F98C.svg,imgs/bp09/u09.mp3,,1F98C,,,,,,https://raw.githubusercontent.com/hfg-gmuend/openmoji/master/color/618x618/1F98C.png,9
,चित्रोष्ट्रः,9,चित्रोष्ट्रः,p,citroṣṭraḥ,https://openmoji.org/data/color/svg/1F992.svg,imgs/bp09/u10.mp3,,1F992,,,,,,https://raw.githubusercontent.com/hfg-gmuend/openmoji/master/color/618x618/1F992.png,10
,गजः ,9,गजः ,p,gajaḥ,https://openmoji.org/data/color/svg/1F418.svg,imgs/bp03/u02.mp3,,1F418,,,,,,https://raw.githubusercontent.com/hfg-gmuend/openmoji/master/color/618x618/1F418.png,11
,शृगालः,9,शृगालः,p,śṛgālaḥ,https://openmoji.org/data/color/svg/1F98A.svg,imgs/bp09/u12.mp3,,1F98A,,,,,,https://raw.githubusercontent.com/hfg-gmuend/openmoji/master/color/618x618/1F98A.png,12
,उत्तिष्ठति,9,उत्तिष्ठति,k,uttiṣṭhati,imgs/bp09/c13.png,imgs/bp09/u13.mp3,,,,,,,,,13
,उपविशति,9,उपविशति,k,upaviśati,imgs/bp09/c14.png,imgs/bp09/u14.mp3,,,,,,,,,14
,आगच्छति,9,तिष्ठति,k,tiṣṭhati,imgs/bp09/c15.png,imgs/bp10/u13.mp3,,,,,,,,,15
,वृक्षः,10,वृक्षः,p,vr̥kṣaḥ,https://openmoji.org/data/color/svg/1F333.svg,imgs/bp02/u03.mp3,,1F333,,,,,,https://raw.githubusercontent.com/hfg-gmuend/openmoji/master/color/618x618/1F333.png,1
,चन्द्रः,10,चन्द्रः,p,candraḥ,https://openmoji.org/data/color/svg/1F31C.svg,imgs/bp10/u02.mp3,,1F31C,,,,,,https://raw.githubusercontent.com/hfg-gmuend/openmoji/master/color/618x618/1F31C.png,2
,इन्द्रचापः,10,इन्द्रचापः,p,indracāpaḥ,https://openmoji.org/data/color/svg/1F308.svg,imgs/bp10/u03.mp3,,1F308,,,,,,https://raw.githubusercontent.com/hfg-gmuend/openmoji/master/color/618x618/1F308.png,3
,अग्निपर्वतः,10,अग्निपर्वतः,p,agniparvataḥ,https://openmoji.org/data/color/svg/1F30B.svg,imgs/bp10/u04.mp3,,1F30B,,,,,,https://raw.githubusercontent.com/hfg-gmuend/openmoji/master/color/618x618/1F30B.png,4
,द्वीपः ,10,द्वीपः ,p,dvīpaḥ,https://openmoji.org/data/color/svg/1F3DD.svg,imgs/bp10/u05.mp3,,1F3DD,,,,,,https://raw.githubusercontent.com/hfg-gmuend/openmoji/master/color/618x618/1F3DD.png,5
,अनलः ,10,अनलः ,p,analaḥ,https://openmoji.org/data/color/svg/1F525.svg,imgs/bp10/u06.mp3,,1F525,,,,,,https://raw.githubusercontent.com/hfg-gmuend/openmoji/master/color/618x618/1F525.png,6
,कूपः ,10,कूपः ,p,kūpaḥ,imgs/bp10/c08.png,imgs/bp10/u07.mp3,,,,,,,,,7
,नीडः,10,नीडः,p,nīḍaḥ,imgs/bp10/c09.png,imgs/bp10/u08.mp3,,,,,,,,,8
,नक्षत्रम् ,10,नक्षत्रम् ,n,nakṣatram,https://openmoji.org/data/color/svg/2B50.svg,imgs/bp03/u11.mp3,,2B50,,,,,,https://raw.githubusercontent.com/hfg-gmuend/openmoji/master/color/618x618/2B50.png,9
,उद्यानम्,10,उद्यानम्,n,udyānam,imgs/bp10/c10.png,imgs/bp10/u10.mp3,,,,,,,,,10
,तृणम्,10,तृणम्,n,tṛṇam,imgs/bp10/c11.png,imgs/bp10/u11.mp3,,,,,,,,,11
,हिमम्,10,हिमम्,n,himam,imgs/bp10/c12.png,imgs/bp10/u12.mp3,,,,,,,,,12
,तिष्ठति,10,निद्राति,k,nidrāti,imgs/bp10/c13.png,imgs/bp10/26u13.mp3,,,,,,,,,13
,आह्वयति ,10,आह्वयति ,k,āhvayati,https://openmoji.org/data/color/svg/1F919.svg,imgs/bp10/u14.mp3,,1F919,,,,,,https://raw.githubusercontent.com/hfg-gmuend/openmoji/master/color/618x618/1F919.png,14
,,10,वदति ,k,vadati,https://openmoji.org/data/color/svg/1F5E3.svg,imgs/bp11/u15.mp3,,1F5E3,,,,,,https://raw.githubusercontent.com/hfg-gmuend/openmoji/master/color/618x618/1F5E3.png,15
,,11,मयूरः ,p,mayūraḥ,https://openmoji.org/data/color/svg/1F99A.svg,imgs/bp03/u01.mp3,,1F99A,,,,,,https://raw.githubusercontent.com/hfg-gmuend/openmoji/master/color/618x618/1F99A.png,1
,,11,उलूकः,p,ulūkaḥ,https://openmoji.org/data/color/svg/1F989.svg,imgs/bp11/u02.mp3,,1F989,,,,,,https://raw.githubusercontent.com/hfg-gmuend/openmoji/master/color/618x618/1F989.png,2
,,11,कुक्कुटः,p,kukkuṭaḥ,https://openmoji.org/data/color/svg/1F413.svg,imgs/bp11/u03.mp3,,1F413,,,,,,https://raw.githubusercontent.com/hfg-gmuend/openmoji/master/color/618x618/1F413.png,3
,,11,कपोतः,p,kapotaḥ,https://openmoji.org/data/color/svg/E009.svg,imgs/bp11/u04.mp3,,E009,,,,,,https://raw.githubusercontent.com/hfg-gmuend/openmoji/master/color/618x618/E009.png,4
,,11,गरुडः,p,garuḍaḥ,https://openmoji.org/data/color/svg/1F985.svg,imgs/bp11/u05.mp3,,1F985,,,,,,https://raw.githubusercontent.com/hfg-gmuend/openmoji/master/color/618x618/1F985.png,5
,,11,हंसः,p,hamsaḥ,https://openmoji.org/data/color/svg/1F9A2.svg,imgs/bp11/u06.mp3,,1F9A2,,,,,,https://raw.githubusercontent.com/hfg-gmuend/openmoji/master/color/618x618/1F9A2.png,6
,,11,काकः ,p,kākaḥ,https://openmoji.org/data/color/svg/1F426-200D-2B1B.svg,imgs/bp11/u07.mp3,,1F426-200D-2B1B,,,,,,https://raw.githubusercontent.com/hfg-gmuend/openmoji/master/color/618x618/1F426-200D-2B1B.png,7
,,11,कोकिलः ,p,kokilaḥ,imgs/bp11/c08.png,imgs/bp11/u08.mp3,,,,,,,,,8
,,11,शुकः ,p,śukaḥ,imgs/bp11/1F99C.svg,imgs/bp11/u09.mp3,,1F99C,,,,,,,9
,,11,चटकः ,p,caṭakaḥ,imgs/bp11/c10.png,imgs/bp11/u10.mp3,,1F426,,,,,,,10
,,11,बकः,p,bakaḥ,imgs/bp11/c11.png,imgs/bp11/u11.mp3,,1F9A9,,,,,,,11
,,11,जतुका ,s,jatukā,https://openmoji.org/data/color/svg/1F987.svg,imgs/bp11/u12.mp3,,1F987,,,,,,https://raw.githubusercontent.com/hfg-gmuend/openmoji/master/color/618x618/1F987.png,12
,,11,डयनं करोति ,k,,imgs/bp11/c13.png,imgs/bp11/u13.mp3,,,,,,,,,13
,गच्छति,11,गच्छति,k,gacchati,imgs/bp04/c14.png,imgs/bp02/26u15.mp3,,,,,,,,,14
,,11,आगच्छति ,k,āgacchati,imgs/bp04/c13.png,imgs/bp09/u15.mp3,,,,,,,,,15
,,12,वृश्चिकः ,p,vṛścikaḥ,https://openmoji.org/data/color/svg/1F982.svg,imgs/bp12/u01.mp3,,1F982,,,,,,https://raw.githubusercontent.com/hfg-gmuend/openmoji/master/color/618x618/1F982.png,1
,,12,शलभः,p,śalabhaḥ,https://openmoji.org/data/color/svg/1F997.svg,imgs/bp12/u02.mp3,,1F997,,,,,,https://raw.githubusercontent.com/hfg-gmuend/openmoji/master/color/618x618/1F997.png,2
,,12,भ्रमरः,p,bhramaraḥ,https://openmoji.org/data/color/svg/1F41D.svg,imgs/bp12/u03.mp3,,1F41D,,,,,,https://raw.githubusercontent.com/hfg-gmuend/openmoji/master/color/618x618/1F41D.png,3
,,12,शम्बूकः ,p,śambūkaḥ,https://openmoji.org/data/color/svg/1F40C.svg,imgs/bp12/u04.mp3,,1F40C,,,,,,https://raw.githubusercontent.com/hfg-gmuend/openmoji/master/color/618x618/1F40C.png,4
,,12,तैलपः,p,tailapaḥ,https://openmoji.org/data/color/svg/1FAB3.svg,imgs/bp12/u05.mp3,,1FAB3,,,,,,https://raw.githubusercontent.com/hfg-gmuend/openmoji/master/color/618x618/1FAB3.png,5
,,12,ऊर्णनाभः,p,ūrṇanābhaḥ,https://openmoji.org/data/color/svg/1F577.svg,imgs/bp12/u06.mp3,,1F577,,,,,,https://raw.githubusercontent.com/hfg-gmuend/openmoji/master/color/618x618/1F577.png,6
,,12,मशकः,p,maśakaḥ,https://openmoji.org/data/color/svg/1F99F.svg,imgs/bp12/u07.mp3,,1F99F,,,,,,https://raw.githubusercontent.com/hfg-gmuend/openmoji/master/color/618x618/1F99F.png,7
,,12,चित्रपतङ्गः,p,citrapatangaḥ,https://openmoji.org/data/color/svg/1F98B.svg,imgs/bp12/u08.mp3,,1F98B,,,,,,https://raw.githubusercontent.com/hfg-gmuend/openmoji/master/color/618x618/1F98B.png,8
,,12,कर्कटः,p,karkaṭaḥ,https://openmoji.org/data/color/svg/1F980.svg,imgs/bp12/u09.mp3,,1F980,,,,,,https://raw.githubusercontent.com/hfg-gmuend/openmoji/master/color/618x618/1F980.png,9
,,12,पिपीलिका,s,pipīlikā,https://openmoji.org/data/color/svg/1F41C.svg,imgs/bp12/u10.mp3,,1F41C,,,,,,https://raw.githubusercontent.com/hfg-gmuend/openmoji/master/color/618x618/1F41C.png,10
,,12,मक्षिका ,s,makṣikā,https://openmoji.org/data/color/svg/1FAB0.svg,imgs/bp12/u11.mp3,,1FAB0,,,,,,https://raw.githubusercontent.com/hfg-gmuend/openmoji/master/color/618x618/1FAB0.png,11
,,12,शतपदी,s,śatapadī,imgs/bp12/c12.png,imgs/bp12/u12.mp3,,,,,,,,,12
,,12,क्षिपति,k,kṣipati,imgs/bp12/c13.png,imgs/bp12/u13.mp3,,,,,,,,,13
,,12,आरोहति,k,ārohati,imgs/bp12/c14.png,imgs/bp12/u14.mp3,,,,,,,,,14
,,12,अवरोहति,k,avarohati,imgs/bp12/c15.png,imgs/bp12/u15.mp3,,,,,,,,,15
,,13,आरक्षकः,p,ārakṣakaḥ,https://openmoji.org/data/color/svg/1F46E.svg,,,1F46E,,,,,,,
,,13,रुग्णः,p,rugṇaḥ,https://openmoji.org/data/color/svg/1F912.svg,,,1F912,,,,,,,
,,13,शिल्पकारः ,p,śilpakāraḥ,,,,,,,,,,,
,,13,पुरुषः ,p,puruṣaḥ,https://openmoji.org/data/color/svg/1F468.svg,,,1F468,,,,,,,
,,13,महिला,s,mahilā,https://openmoji.org/data/color/svg/1F469.svg,,,1F469,,,,,,,
,,13,सिक्थवर्तिका,s,sikthavartikā,https://openmoji.org/data/color/svg/1F56F.svg,,,1F56F,,,,,,,
,,13,अग्निपेटिका ,s,agnipeṭikā,,,,,,,,,,,
,,13,मापिका,s,māpikā,,,,,,,,,,,
,,13,स्थालिका ,s,sthālikā,,,,,,,,,,,
,,13,वेल्लनी,s,vellanī,,,,,,,,,,,
,,13,अण्डम्,n,aṇḍam,https://openmoji.org/data/color/svg/1F95A.svg,,,1F95A,,,,,,,
,,13,ओदनम् ,n,odanam,,,,,,,,,,,
,,13,आलिङ्गति,k,ālingati,,,,,,,,,,,
,,13,निद्राति ,k,nidrāti,,,,,,,,,,,
,,13,याचति ,k,yācati,,,,,,,,,,,
,,14,हंसः,p,hamsaḥ,https://openmoji.org/data/color/svg/1F9A2.svg,,,1F9A2,,,,,,,
,,14,मशकः,p,maśakaḥ,https://openmoji.org/data/color/svg/1F99F.svg,,,1F99F,,,,,,,
,,14,चित्रपतङ्गः,p,citrapatangaḥ,https://openmoji.org/data/color/svg/1F98B.svg,,,1F98B,,,,,,,
,,14,चषकः,p,caṣakaḥ,,,,,,,,,,,
,,14,तूणीरः ,p,tuṇīraḥ,,,,,,,,,,,
,,14,श्वेतः,p,śvetaḥ,https://openmoji.org/data/color/svg/2B1C.svg,,,2B1C,,,,,,,
,,14,कृष्णः,p,kr̥ṣṇaḥ,https://openmoji.org/data/color/svg/2B1B.svg,,,2B1B,,,,,,,
,,14,नीलः,p,nīlaḥ,https://openmoji.org/data/color/svg/1F7E6.svg,,,1F7E6,,,,,,,
,,14,पीतः,p,pītaḥ,https://openmoji.org/data/color/svg/1F7E8.svg,,,1F7E8,,,,,,,
,,14,आभरणम् ,n,ābharaṇam,,,,,,,,,,,
,,14,तीक्ष्णकम् ,n,tīkṣṇakam,,,,,,,,,,,
,,14,शिरस्त्रम्,n,śirastram,https://openmoji.org/data/color/svg/1FA96.svg,,,1FA96,,,,,,,
,,14,चोरयति ,k,corayati,,,,,,,,,,,
,,14,चालयति ,k,cālayati,,,,,,,,,,,
,,14,ताडयति,k,tāḍayati,,,,,,,,,,,
,,15,हरितः,p,haritaḥ,https://openmoji.org/data/color/svg/1F7E9.svg,,,1F7E9,,,,,,,
,,15,पाटलः,p,pāṭalaḥ,https://openmoji.org/data/color/svg/1FA77.svg,,,1FA77,,,,,,,
,,15,केसरवर्णः,p,kesaravarṇaḥ,https://openmoji.org/data/color/svg/1F7E7.svg,,,1F7E7,,,,,,,
,,15,धूसरः,p,dhūsaraḥ,https://openmoji.org/data/color/svg/1FA76.svg,,,1FA76,,,,,,,
,,15,कपिशः,p,kapiśaḥ,https://openmoji.org/data/color/svg/1F7EB.svg,,,1F7EB,,,,,,,
,,15,नीललोहितः,p,nīlalohitaḥ,https://openmoji.org/data/color/svg/1F7EA.svg,,,1F7EA,,,,,,,
,,15,रक्तः,p,raktaḥ,https://openmoji.org/data/color/svg/1F7E5.svg,,,1F7E5,,,,,,,
,,15,ऐरावतः ,p,airāvataḥ,,,,,,,,,,,
,,15,सैनिकः,p,sainikaḥ,,,,,,,,,,,
,,15,व्याधः,p,vyādhaḥ,,,,,,,,,,,
,,15,धीवरः,p,dhīvaraḥ,,,,,,,,,,,
,,15,पत्रवितारकः,p,patravitārakaḥ,,,,,,,,,,,
,,15,आरोहति ,k,ārohati,,,,,,,,,,,
,,15,अवरोहति ,k,avarohati,,,,,,,,,,,
,,15,मार्जयति ,k,mārjayati,,,,,,,,,,,
,,16,गरुडः,p,garuḍaḥ,https://openmoji.org/data/color/svg/1F985.svg,,,1F985,,,,,,,
,,16,मण्डूकः,p,maṇḍūkaḥ,,,,,,,,,,,
,,16,नीडः,p,nīḍaḥ,,,,,,,,,,,
,,16,दाडिमः,p,dāḍimaḥ,https://openmoji.org/data/color/svg/E0C4.svg,,,E0C4,,,,,,,
,,16,द्राक्षा,s,drākṣā,https://openmoji.org/data/color/svg/1F347.svg,,,1F347,,,,,,,
,,16,कदली,s,kadalī,https://openmoji.org/data/color/svg/1F34C.svg,,,1F34C,,,,,,,
,,16,आम्रम्,n,āmram,https://openmoji.org/data/color/svg/1F96D.svg,,,1F96D,,,,,,,
,,16,सेव्यफलम्,n,sevyaphalam,https://openmoji.org/data/color/svg/1F34E.svg,,,1F34E,,,,,,,
,,16,नारिकेलम्,n,nārikelam,https://openmoji.org/data/color/svg/1F965.svg,,,1F965,,,,,,,
,,16,सूर्यकान्तिः,s,sūryakāntiḥ,https://openmoji.org/data/color/svg/1F33B.svg,,,1F33B,,,,,,,
,,16,पाटलपुष्पम्,n,pāṭalapuṣpam,https://openmoji.org/data/color/svg/1F339.svg,,,1F339,,,,,,,
,,16,कमलम्,n,kamalam,https://openmoji.org/data/color/svg/1FAB7.svg,,,1FAB7,,,,,,,
,,16,उद्घाटयति,k,udghāṭayati,,,,,,,,,,,
,,16,प्रेषयति ,k,preṣayati,,,,,,,,,,,
,,16,आह्वयति ,k,āhvayati,,,,,,,,,,,
,,17,हरितः,p,haritaḥ,https://openmoji.org/data/color/svg/1F7E9.svg,,,1F7E9,,,,,,,
,,17,पाटलः,p,pāṭalaḥ,https://openmoji.org/data/color/svg/1FA77.svg,,,1FA77,,,,,,,
,,17,केसरवर्णः,p,kesaravarṇaḥ,https://openmoji.org/data/color/svg/1F7E7.svg,,,1F7E7,,,,,,,
,,17,धूसरः,p,dhūsaraḥ,https://openmoji.org/data/color/svg/1FA76.svg,,,1FA76,25FE,,,,,,
,,17,कपिशः,p,kapiśaḥ,https://openmoji.org/data/color/svg/1F7EB.svg,,,1F7EB,,,,,,,
,,17,नीललोहितः,p,nīlalohitaḥ,https://openmoji.org/data/color/svg/1F7EA.svg,,,1F7EA,,,,,,,
,,17,रक्तः,p,raktaḥ,https://openmoji.org/data/color/svg/1F7E5.svg,,,1F7E5,,,,,,,
,,17,श्वेतः,p,śvetaḥ,https://openmoji.org/data/color/svg/2B1C.svg,,,2B1C,,,,,,,
,,17,कृष्णः,p,kr̥ṣṇaḥ,https://openmoji.org/data/color/svg/25AA.svg,,,25AA,,,,,,,
,,17,नीलः,p,nīlaḥ,https://openmoji.org/data/color/svg/1F7E6.svg,,,1F7E6,,,,,,,
,,17,पीतः,p,pītaḥ,https://openmoji.org/data/color/svg/1F7E8.svg,,,1F7E8,,,,,,,
,,17,शुकहरितः ,p,,,,,,,,,,,,
,,17,पूजयति ,k,,,,,,,,,,,,
,,17,स्मरति ,k,,,,,,,,,,,,
,,17,प्रज्वालयति ,k,,,,,,,,,,,,
,,,कादम्ब,p,kādambaḥ,https://openmoji.org/data/color/svg/1F986.svg,,,1F986,,,,,,,
,,,,,,,,,,,,,,,,
,,,,,,,,,,,,,,,,
,वसति,,वसति,k,vasati,,imgs/bp10/u15.mp3,,,,,,,,,
,,,मधुमक्षिका,s,madhumakṣikā,https://openmoji.org/data/color/svg/1F41D.svg,,,1F41D,,,,,,,